PlaylistPid,happy,sad,angry,relaxed
0,0.04127398046511629,0.0022445161116279072,0.9557595453488372,0.0007219562330232558
1,0.03281889389285714,0.0025842294785714285,0.9304904636142856,0.034106399613571425
2,0.0395668214,0.00223404418,0.9575087139999999,0.000690437876
3,0.028448365155172413,0.0021668941172413797,0.968890781896552,0.000493954029137931
4,0.03296312025,0.002191061591666667,0.9642763791666668,0.0005694771416666668
5,0.04076300016417911,0.0022381170940298507,0.9562879500000002,0.0007109344698507462
6,0.02977603414285714,0.00216789355,0.9675436614285713,0.0005124154707142857
7,0.03176251555999999,0.002186489624,0.9655010392,0.0005499769524000001
8,0.031845421371428574,0.0021814063799999997,0.9654243457142858,0.0005488387282857142
9,0.030446081000000003,0.002173882514285714,0.9668547371428572,0.0005253008914285714
10,0.045837788333333324,0.0022822818749999997,0.9510692606250002,0.000810673464375
11,0.03143633283146066,0.003549442222471911,0.8484175591370784,0.11659665639460676
12,0.031934436375,0.0021889737,0.96532360125,0.000553003625
13,0.03422679925,0.0021966408749999997,0.9629846362500001,0.00059193047
14,0.03352931095604396,0.002194374250549451,0.9636964332967033,0.0005798794412087911
15,0.02612083916666667,0.0021585693666666666,0.9712650799999999,0.0004555063833333333
16,0.028893632853658528,0.002303878115853659,0.9568515885512191,0.011950904803536583
17,0.03671089800000002,0.0022105581467741935,0.9604433890322581,0.0006351609251612904
18,0.039277491714285725,0.002227860526785715,0.9578111869642856,0.0006834595698214284
19,0.025168283143939388,0.002142375699999999,0.9722590216666667,0.00043031504212121224
20,0.04150573575,0.00225422405,0.955512125,0.000727931985
21,0.03057038346666667,0.0021708845466666665,0.9667328800000001,0.000525861154
22,0.039264075625,0.002236671120833333,0.9578123829166668,0.0006868717050000001
23,0.026842759099999995,0.0021507403500000003,0.9705445020000001,0.0004619895970000001
24,0.037960522833333336,0.0022367062166666666,0.959138095,0.0006646660433333333
25,0.0336120026875,0.00219427355625,0.9636138518750001,0.00057988671875
26,0.029014865476190484,0.0021683793761904757,0.968315299047619,0.0005014602819047619
27,0.03135102875,0.0021750891249999998,0.9659348737500001,0.000539034925
28,0.046510067948275856,0.002287831915517241,0.9503780808620694,0.00082401601
29,0.04011508122580644,0.0022403735516129037,0.9569432887096772,0.0007012417667741934
30,0.02336193847661538,0.0023101764576923083,0.9594720001723076,0.01485588271830769
31,0.03601077055555555,0.00220618935925926,0.9611601785185185,0.0006228646825925928
32,0.031055878306451602,0.003074616804838709,0.8896031942903229,0.0762663055582258
33,0.034419609076923076,0.002243417284615385,0.9627264307692308,0.0006105249776923077
34,0.03639677006666666,0.002212052913333334,0.9607594579999995,0.0006317148755555554
35,0.03632259723076923,0.0022108346807692314,0.9608368788461541,0.0006296971905769232
36,0.032060188222222216,0.002182699388888889,0.9652023055555554,0.0005547948944444443
37,0.04198773772727272,0.002255350086363636,0.9550182359090909,0.0007386832047727271
38,0.04209586587755102,0.002252081936734694,0.9549134906122445,0.0007385683757142856
39,0.035559532519230774,0.002207870675,0.9616166619230768,0.0006159364384615388
40,0.037389588196969685,0.002218020651515152,0.9597425465151512,0.0006498535463636362
41,0.03206163230729168,0.0021822549536458335,0.9652040418749995,0.0005520721014583333
42,0.0373724043939394,0.0022180152636363634,0.9597610925757576,0.0006484866407575759
43,0.03419605064285714,0.0021976352428571427,0.9630153707142857,0.0005909403342857143
44,0.035518068695652175,0.0022028878739130432,0.9616652295652175,0.0006138341865217393
45,0.03212534877272727,0.002187173395454545,0.9651310619696969,0.000556414899848485
46,0.034171445833333335,0.0021837735,0.9630530550000002,0.0005917570883333332
47,0.0241178910625,0.00213133775,0.97333346375,0.00041733533375000004
48,0.03679194853571428,0.0022162017785714284,0.9603532724999999,0.0006385740632142858
49,0.0318497773548387,0.0021758440741935486,0.9654263064516129,0.0005480555767741935
50,0.038320188533333334,0.0022287580711111113,0.9587834022222221,0.0006676528017777778
51,0.03387022965957448,0.0021946323063829786,0.9633501804255319,0.0005849532046808511
52,0.03267455558333333,0.00218114305,0.9645853908333333,0.0005588872966666667
53,0.04663751074683545,0.0022870472632911393,0.9502494359493668,0.0008260003627848098
54,0.022342663999999998,0.00213072765,0.97513888,0.00038769575
55,0.03476069930405406,0.0022022880000000006,0.9624359812162163,0.0006010371085135132
56,0.0359328698,0.0022106259133333334,0.9612311639999999,0.0006253378026666666
57,0.029736120466666672,0.0021727860066666663,0.9675782639999999,0.0005128409933333333
58,0.043346542999999994,0.0022676868666666665,0.95362252,0.0007632509199999999
59,0.039011486565656575,0.0022302625212121214,0.9580787986868688,0.0006794486366666667
60,0.03673082526666666,0.0022287690716666668,0.9603948326666668,0.0006455708426666665
61,0.03702530736363636,0.0022138079363636363,0.96011981,0.0006410491063636363
62,0.04790467215384615,0.002297858546153846,0.9489459650000002,0.0008515027215384619
63,0.032778887636363635,0.002181440136363636,0.9644767550000002,0.0005629208368181818
64,0.03646688975555557,0.0022132893411111105,0.9606869677777778,0.0006328534310000003
65,0.03426861485333332,0.0023447886386666677,0.9502770418826666,0.013109549492666663
66,0.03823113332,0.00222210846,0.9588827844,0.0006639694216
67,0.034700102999999996,0.0021867212,0.9625199000000001,0.0005933077
68,0.04262463598214284,0.0022595516580357156,0.9543657699107149,0.000750049556160714
69,0.029845624071428573,0.0021681623785714285,0.9674738871428572,0.0005123234821428572
70,0.029138450075471695,0.002366009664150944,0.9502943236075472,0.018201218886981133
71,0.038670697875,0.0022287213875,0.9584273268749999,0.00067324855125
72,0.03504027748322147,0.0023917663261744976,0.9618860091946305,0.0006819358087919463
73,0.04185079863157895,0.0022451691736842107,0.955173670526316,0.0007303595163157894
74,0.02663173133333333,0.0021131291333333336,0.9708103499999999,0.00044472825
75,0.059329292625,0.0083385365875,0.8962664574999999,0.03606574792875002
76,0.037510598117647065,0.0022187346529411764,0.9596191511764706,0.0006515062952941178
77,0.03495618352941176,0.0022029477588235294,0.9622316623529412,0.0006092069352941176
78,0.03572129725,0.00497756825,0.7239202453,0.23538086634
79,0.047244893428571424,0.002290625628571428,0.949626690714286,0.0008377843807142858
80,0.029304817512500005,0.00247568027,0.9675302590000003,0.0006892540550000003
81,0.047437194716666665,0.0022922978016666666,0.9494290615,0.0008414478751666667
82,0.026420131800000003,0.0021436808799999998,0.970982802,0.00045338821
83,0.034120214661016945,0.002193336281355931,0.9630984608474576,0.0005879899025423729
84,0.0464229283076923,0.002284971565384615,0.950469623076923,0.0008224728842307694
85,0.03788977863636365,0.002225619481818182,0.9592220554545453,0.0006625507780000001
86,0.03877721006060607,0.0022298709939393936,0.9583191306060604,0.0006737916136363635
87,0.0284292636875,0.002154373625,0.968931689375,0.00048470543249999994
88,0.040536174,0.0022340649499999997,0.9565253675000001,0.0007044138075
89,0.03395763573333333,0.0021908248893333345,0.9632666341333336,0.0005849168228000001
90,0.029870629160919527,0.002171005594252873,0.9674436274712644,0.000514737445172414
91,0.035675979624999986,0.002198837864285714,0.9615103396428574,0.0006148485374999998
92,0.023684218625000003,0.0021602473000000002,0.9737420399999999,0.000413466775
93,0.03826609684444445,0.0022229254088888886,0.9588466856666664,0.000664290809333333
94,0.033109666797872354,0.0021863053765957454,0.964134539255319,0.0005694831977659576
95,0.0452931684144144,0.0022781919513513507,0.9516278227027027,0.0008008135592792791
96,0.03557635581818182,0.0031939511636363644,0.8752572646545452,0.08597243553636362
97,0.027118832469626153,0.0023087665771028046,0.9569417065588782,0.013630698946728968
98,0.033225640647058824,0.00218958091372549,0.9640125186274509,0.000572266847254902
99,0.03116844381481481,0.0034098709222222224,0.8605452660592591,0.10487642825962962
100,0.021241205,0.0021140375,0.9762848,0.00036000123
101,0.031127826631578946,0.0021719436210526316,0.9661670173684209,0.0005332116631578947
102,0.044859778272727274,0.002277906293939394,0.9520697915151515,0.0007925319951515152
103,0.03779385565625,0.002356689009374999,0.9591335770833332,0.0007158734510416663
104,0.03187374028333334,0.002182702346666667,0.9653939490000003,0.0005496171428333335
105,0.041231561917525784,0.0022449077195876295,0.955801644020619,0.0007218797637113406
106,0.038506445924242426,0.002223788327272727,0.9585999622727273,0.0006698055607575759
107,0.04082847528571428,0.002243972169642858,0.9562125385714287,0.0007150145285714286
108,0.02336243,0.0021717863,0.9740578999999999,0.00040792685
109,0.03090457873563218,0.002158039704597701,0.9664118740229883,0.0005255061645977012
110,0.029152751,0.0024212658250000003,0.9678575804166668,0.0005684072525000001
111,0.0390464164347826,0.002228663343478261,0.9580464339130433,0.0006784846408695651
112,0.033156089414634146,0.002194884919512195,0.9640740246341462,0.0005749973609756099
113,0.04191765683333334,0.0022505350388888888,0.95509814,0.0007336613511111111
114,0.02672360675,0.00214805271,0.9706741355,0.0004542290084999999
115,0.038307137932926824,0.0022262326445121935,0.9587987856097566,0.0006678412856707317
116,0.046984942375000005,0.0022882153124999995,0.9498938775000002,0.0008329818849999999
117,0.028835515600000007,0.00216062578,0.9685092510000001,0.000494579195
118,0.0310319393,0.0021750773499999996,0.9662588019999999,0.0005341861370000001
119,0.03316163316666667,0.0021937785722222227,0.9640709666666667,0.0005736136811111111
120,0.03414355231481481,0.0022113040703703696,0.9630494435185184,0.0005957057809259259
121,0.0363317170289855,0.002213585240579709,0.9608202292028984,0.0006344714842028985
122,0.026583593692307693,0.0021976702461538457,0.9707450261538462,0.0004736932392307692
123,0.04332319744329896,0.002262809018556699,0.9536513657216495,0.0007626310601030929
124,0.043179672194690266,0.003115806385840707,0.9516696738053099,0.002034842162123894
125,0.04107186,0.002246218884615385,0.9559629630769232,0.0007189372000000001
126,0.03053797067567567,0.0027772121621621616,0.9154015930378381,0.05128321069783783
127,0.04257863585,0.0022584485699999996,0.9544144755000001,0.0007484427670000001
128,0.0369781908,0.0022119875733333334,0.9601706033333334,0.0006392146533333333
129,0.036263867786666674,0.002212257916,0.9608944614666666,0.0006294173041333334
130,0.03374076095266272,0.0022682058810650878,0.9578470494745561,0.006143979108757394
131,0.03745210262195122,0.0022189181695121954,0.9596771720731712,0.0006518048398780489
132,0.03298204754,0.00439849852,0.7742305282399999,0.188388893858
133,0.03616537514285715,0.0022144351499999997,0.9609904835714286,0.0006297102164285716
134,0.04351229938121545,0.0022653268110497233,0.9534547816574592,0.000767592793922652
135,0.032032792869565216,0.00218849057173913,0.9652231263043478,0.0005555870710869566
136,0.046623290888888884,0.0022858980962962958,0.9502660837037037,0.0008247242311111108
137,0.038338670894736845,0.002222926473684211,0.9587722421052631,0.0006661747436842105
138,0.029538106277227714,0.0022803598722772275,0.958374216447525,0.009807306024158418
139,0.0455995491,0.0022780530100000003,0.9513164829999999,0.000805903618
140,0.02544934531746031,0.0025107440206349205,0.9417856484507937,0.03025426732269841
141,0.02771398515384615,0.0021465095,0.969670623846154,0.0004688734546153846
142,0.031138363559770125,0.003258948908045976,0.8697414135011492,0.0958612621542529
143,0.04558427064516128,0.0022814869419354846,0.9513279909677416,0.0008062578593548387
144,0.029135927636363634,0.0021587671159090907,0.9682086209090909,0.0004967008820454545
145,0.029205674705882357,0.0021652412294117644,0.9681256502941179,0.0005034350555882353
146,0.03371124676963352,0.002199735521465969,0.9635038772774867,0.0005851422126701572
147,0.034507073444444446,0.0022001089888888884,0.9626959355555554,0.00059689116
148,0.03212208600000001,0.002183984166666668,0.9651402079824561,0.0005537232901754387
149,0.03308571369230769,0.002189917623076923,0.9641529515384615,0.0005714365673076922
150,0.040142889339449574,0.002236506140366972,0.956920827706422,0.0006997780869724775
151,0.028843554033333333,0.002521564446666667,0.9368445723733333,0.031790319906
152,0.03421662963888889,0.002195623998611111,0.9629967770833336,0.0005909768027777778
153,0.03486708396153846,0.0022082407884615384,0.9623195588461537,0.0006051209038461539
154,0.03909475144444444,0.0022328527111111114,0.9579905611111114,0.0006818386194444446
155,0.027035462000000007,0.0021616325285714285,0.9703346295238094,0.00046829315619047613
156,0.04100961052666665,0.0022379111840000005,0.9560382940666666,0.0007141878596
157,0.026718858578947367,0.002140049415789474,0.9706876631578946,0.0004534492942105264
158,0.02857969830219781,0.002162014475824175,0.968766078681319,0.0004922031443956045
159,0.03435882776666666,0.0022009898733333336,0.9628433009999999,0.0005969013333333332
160,0.0347169925,0.00221920225,0.9624551866666665,0.0006086373699999999
161,0.042390178795918367,0.002254257014285714,0.9546117268027208,0.0007438400734013601
162,0.033845467750000004,0.0021919740083333338,0.9633801966666669,0.0005823613133333334
163,0.027105857910714293,0.0021850885750000003,0.9702344696428574,0.0004745845891071428
164,0.045312318638888884,0.002282603638888889,0.9516015913888887,0.0008034913905555557
165,0.035286995125,0.002208284275,0.9618934124999999,0.00061131509
166,0.03385197858139535,0.0021915825279069765,0.9633738281395348,0.0005826030641860463
167,0.029967989516129032,0.002166173266129032,0.9673519206451612,0.0005139129003225808
168,0.026868872363636363,0.0021577180727272724,0.9705081663636363,0.00046525429181818183
169,0.033706275957142866,0.0025618519442857147,0.9362840157485717,0.02744785565371428
170,0.04895255502173914,0.002303359517391304,0.9478733436956519,0.000870739093478261
171,0.03594346782608695,0.0022079631391304345,0.9612266099999999,0.0006219644595652174
172,0.03658138655172413,0.0022113614620689654,0.9605736606896551,0.0006335977193103449
173,0.03833678010144926,0.002222884601449276,0.9587730176811593,0.0006673137700000003
174,0.028391989899999998,0.0021754231900000002,0.96893797,0.000494617229
175,0.042411331277777777,0.0022539182722222223,0.954591033888889,0.0007437372211111111
176,0.036828185344827555,0.0022159510387931044,0.9603156960344831,0.0006401695102586206
177,0.04062076918181818,0.0022450802090909095,0.9564169954545455,0.0007171727690909092
178,0.044400100622222216,0.002269334844444445,0.9525523873333331,0.0007781716371111111
179,0.039894188166666664,0.002234062,0.9571768338888891,0.0006949339038888887
180,0.03863760135714285,0.002224023485714286,0.958465877857143,0.0006725032792857143
181,0.02965928853846154,0.0021655724,0.9676652146153846,0.000509935163076923
182,0.04024041072033898,0.0023333592355932204,0.9487648016203392,0.008661425163474571
183,0.032502321794117654,0.002187904185294118,0.9647475876470587,0.0005621845758823533
184,0.03212864582051282,0.0021752611794871803,0.9651480223076927,0.0005480782812820512
185,0.03819550631818181,0.002224998365909092,0.958914120681818,0.0006653797543181817
186,0.038387501285714276,0.00222738678,0.9587156745714288,0.0006694492454285716
187,0.03205149608333333,0.0021769493166666665,0.96522283,0.0005487203541666666
188,0.034496479833333336,0.0021940522916666667,0.9627155525000001,0.0005938978783333334
189,0.025333382350000006,0.0029893703750000005,0.9709640305,0.0007132269700000001
190,0.05002086579166667,0.002311134787499999,0.9467760547916669,0.0008919564462499999
191,0.025086284599999998,0.0021275154799999998,0.9723543400000001,0.000431850484
192,0.04475951776190477,0.002276445404761905,0.9521736790476192,0.0007903659776190476
193,0.04337767691666667,0.002264856491666667,0.9535937449999999,0.0007637205441666668
194,0.03978106916666666,0.003779407786458334,0.9396009498041664,0.01683857353416666
195,0.03177357630434783,0.0021718815086956516,0.9655073573913041,0.0005471850991304349
196,0.031787493631578935,0.0021820648210526313,0.9654812557894736,0.0005491947926315789
197,0.032325848487499996,0.0021859431125000007,0.9649329312499997,0.00055529329
198,0.0383915105,0.002219882525,0.95872273875,0.0006658762650000001
199,0.03773050040243902,0.002229812668292683,0.9593763778048783,0.0006632979980487803
200,0.04071888854545454,0.002241887709090909,0.956327910909091,0.0007112982190909091
201,0.034358715763157896,0.002195857565789474,0.9628520431578949,0.0005933749763157892
202,0.03795582653846153,0.0022211577403846152,0.9591634542307694,0.000659567671153846
203,0.041322522333333334,0.0022537444185185187,0.9556969585185185,0.000726764332222222
204,0.03605601416666667,0.002183718,0.9611485333333333,0.0006117082233333334
205,0.03381431848148148,0.002201056714814815,0.9633962925925924,0.0005883350118518518
206,0.042497057,0.0022550805,0.95450385,0.000744032135
207,0.04699121586842106,0.0022907375842105265,0.9498847755263157,0.0008332553347368423
208,0.03143053841463414,0.0027074240804878047,0.9195213334731711,0.046340709542926836
209,0.03837586995744681,0.0022310767170212764,0.9587240802127661,0.0006689733891489362
210,0.0328601195952381,0.004297694102380951,0.7834112176095237,0.1794309598578571
211,0.0458306921764706,0.0022797775691176464,0.9510792679411767,0.0008102634179411761
212,0.04117298076595745,0.0023412933765957445,0.9557192891489361,0.0007664295189361703
213,0.027271369357142857,0.0021487080142857146,0.9701139200000001,0.00046599477928571437
214,0.04004142375454546,0.002237782609090908,0.957021415636364,0.0006993871787272728
215,0.038001920153846146,0.0022274620423076924,0.9591069165384615,0.0006637038123076922
216,0.031969186000000004,0.0021507598,0.9653434999999999,0.0005366296
217,0.034854043492957745,0.002200199445774647,0.9623439678169011,0.0006017874800704224
218,0.04538302032727274,0.0047794123454545446,0.9379287305454544,0.01190882661963637
219,0.03745704800000001,0.002713019377272728,0.9165041605090909,0.04332575493954545
220,0.04057025096428572,0.002244090017857143,0.9564747703571429,0.0007108918467857144
221,0.031187159866666668,0.0021773926666666665,0.9660983213333334,0.0005371278133333333
222,0.035580447,0.0022041111642857143,0.9616003799999999,0.0006150829321428571
223,0.03214007807777778,0.002184223735555556,0.9651207105555552,0.000554988375
224,0.03053881989333333,0.002357888686666667,0.954043350949333,0.013059946267333332
225,0.04043899967123289,0.002241477410958904,0.9566125561643833,0.0007069685730136984
226,0.044767244104166666,0.007319011041666668,0.5546727646666668,0.3932409591116666
227,0.045330479285714285,0.002278802614285714,0.9515889511428572,0.0008017663734285715
228,0.03365068561344537,0.002191453000840337,0.9635768259663863,0.0005810354166386555
229,0.04607223771428571,0.0022809266142857143,0.9508337385714286,0.000813103702857143
230,0.03189881133333333,0.0031097724416666666,0.8861824751000001,0.07880892672749999
231,0.034344284549763016,0.0022041899971563987,0.9628555053554504,0.0005960273977251186
232,0.038321496857142846,0.002222529097142857,0.9587903719999998,0.0006656131799999999
233,0.0386536985,0.002217332325,0.9584609575,0.00066800859
234,0.045569787290322586,0.0022791369064516123,0.9513462722580646,0.0008048067858064517
235,0.035746697875,0.0022133291625,0.961418729375,0.0006212503937500001
236,0.034282188581395354,0.0022010023186046506,0.9629210381395349,0.0005957748244186045
237,0.03274097643055556,0.0021931737625000003,0.9644975159722221,0.0005683272334722223
239,0.043587962901960785,0.0022656786000000003,0.953378636666667,0.0007677191221568625
240,0.0394125225,0.0022367393,0.9576603207142859,0.0006904248942857142
241,0.031147120107070724,0.002180426927272727,0.9661347541414143,0.0005376930202020201
242,0.03252985125,0.00218859190625,0.964719191875,0.000562353031875
243,0.03225124457446808,0.002185493077659575,0.9650060144680853,0.0005572481568085106
244,0.03367323747692306,0.002184426550769231,0.9635656220000001,0.0005767034469230769
245,0.033409289145833326,0.0021927358333333337,0.9638211500000001,0.0005768259652083333
246,0.033433802108695655,0.002436026378260869,0.9431368124173914,0.020993362946521738
247,0.03538738886666667,0.002201215046666667,0.961805398,0.0006060033326666666
248,0.03150291355555555,0.0034033650722222223,0.8602189134666668,0.10487481643111111
249,0.027081697749999998,0.0021617210961538463,0.9702866100000003,0.0004699713369230769
250,0.04088060574074075,0.002243966677777778,0.9561602048148148,0.0007152256418518519
251,0.03339277378947368,0.0027768999157894744,0.9138287469052632,0.05000157571263158
252,0.031934312124999996,0.0021802559887500006,0.9653363431250004,0.00054908834775
253,0.045164062899999996,0.0022792187649999995,0.9517577462499999,0.0007989646917499999
254,0.03319765188888888,0.002187830097222222,0.9640421166666668,0.0005724076305555556
255,0.029064050999999997,0.0021597206,0.968280525238095,0.0004957098823809524
256,0.034982817416666666,0.002205574501666666,0.9622045271666664,0.000607094922
257,0.04623269918518519,0.0022842508814814814,0.9506633996296299,0.000819657312962963
258,0.03788220421875001,0.002216477384375,0.9592450356249997,0.00065626761125
259,0.02722689325,0.0040086744,0.8117842318666667,0.15698019459999998
260,0.034178344226415094,0.0021945872283018865,0.9630384158490563,0.000588658796226415
261,0.036940427461538465,0.0022222998230769227,0.9601921715384616,0.0006451120007692309
262,0.04084229964754099,0.0022411437418032774,0.9562034552459013,0.000713106011885246
263,0.040338572291666666,0.0022389456125,0.9567186283333334,0.0007038537854166667
264,0.0366991008490566,0.0026297785188679245,0.9246025928754719,0.036068529728301886
265,0.030796534218085106,0.002415216427659575,0.9462751237489361,0.020513125528723402
266,0.03271684188888888,0.0021722245666666667,0.9645532144444444,0.0005577190988888888
267,0.03793206151428571,0.0022201266799999997,0.9591896405714286,0.0006581760242857141
268,0.0393426381923077,0.0022320588192307695,0.9577386953846152,0.0006865985511538462
269,0.03197786872727272,0.002183419590909091,0.9652868700000002,0.0005518346854545454
270,0.030567874519999986,0.0024192324539999994,0.9663840161999997,0.0006288857991999999
271,0.040042571722222225,0.002238348244444445,0.9570196144444443,0.0006994843311111111
272,0.03470593607692308,0.002195609215384615,0.9625008969230772,0.0005975443338461538
273,0.039943630599999995,0.0022404955700000002,0.957115265,0.00070061031
274,0.035199619046511636,0.002201865697674418,0.961990038139535,0.0006084752434883722
275,0.03468550413636364,0.002204292820454546,0.9625084156818182,0.0006018049138636363
276,0.043250466700000004,0.00226169286,0.953728224,0.000759615297
277,0.0436754309,0.0022660297925,0.9532873584999999,0.0007711737545
278,0.041462120000000005,0.0022436912499999998,0.955570985,0.000723155025
279,0.03959050320930232,0.0022349898046511627,0.9574840184883722,0.0006904896958139536
280,0.028668856263157894,0.0021651333947368422,0.9686717926315789,0.000494227285
281,0.026785765562500004,0.0021480109218750005,0.9706120584375001,0.00045415587125
282,0.03308479338461539,0.002182083753846154,0.9641621061538461,0.0005710253330769231
283,0.027492888591463413,0.002155226797560976,0.9698795353658535,0.00047235890500000027
284,0.0427103845862069,0.002257689246551724,0.9542814472413793,0.0007504774008620687
285,0.045376393605633794,0.00227924191971831,0.9515420308450707,0.0008023391091549295
286,0.02939278052380952,0.008700921595238095,0.9323157204761905,0.029590579471428565
287,0.041479205444444445,0.002251690088888889,0.9555400011111111,0.0007290912655555556
288,0.036580012833333335,0.0022109709166666667,0.9605755600000001,0.0006334797391666667
289,0.039429843,0.0022263334,0.95766103,0.0006828502499999999
290,0.04445438444999999,0.0028277426849999997,0.9049806540600001,0.047737222826
291,0.0349734806451613,0.00220303320483871,0.9622187924193548,0.0006046918114516128
292,0.03036417247368421,0.0021732622736842107,0.9669421405263158,0.0005204162042105262
293,0.03468037480434783,0.0024245408999999996,0.9418916880695655,0.021003393798043477
294,0.042947100698412684,0.002261629314285715,0.9540357715873014,0.0007555006896825396
295,0.0331511128,0.0021902578466666666,0.9640907799999998,0.000567834312
296,0.030275654863636356,0.002154856754545454,0.9670551022727275,0.0005143976922727273
297,0.03543112592,0.0022120021239999997,0.9617363708000002,0.0006205059084
298,0.031481575000000005,0.0021758955375000004,0.9658020841666667,0.0005404446222916665
299,0.040953927230769224,0.002244752938461538,0.9560831138461539,0.0007182086038461539
300,0.03486898330769231,0.002194523846153846,0.9623362769230769,0.0006002222192307693
301,0.029056227307692306,0.0021599646384615383,0.9682836623076922,0.0005001679607692308
302,0.028949590563380288,0.0021602150605633808,0.9683931199999996,0.0004970819484507044
303,0.025544124975609754,0.0021797618536585368,0.9718245968292683,0.0004515124763414635
304,0.04807129371428572,0.002852356642857143,0.9034661191047619,0.04561023818190476
305,0.0323890016923077,0.0021879309538461542,0.9648629092307694,0.0005601671538461538
306,0.04675750385185185,0.0022879680185185183,0.9501266940740741,0.0008278218837037039
307,0.028906377800000004,0.00216571098,0.9684299599999999,0.0004979427645
308,0.04731179933333333,0.00228917825,0.9495613941666666,0.0008376384783333333
309,0.03903714166666666,0.0022409038515151516,0.9580373966666667,0.0006845538906060607
310,0.046511116057142865,0.002286853717142857,0.9503786868571429,0.0008233392080000001
311,0.030492144250000002,0.002432853175,0.96644103875,0.0006339764625000001
312,0.0351648704,0.0022062761333333327,0.9620193086666669,0.0006095236213333334
313,0.03112686166666667,0.0024021311333333336,0.96583855,0.0006324711366666667
314,0.04666370948484848,0.002284228136363636,0.9502265951515152,0.0008254566242424243
315,0.027516773291666668,0.0021664812166666664,0.9698391449999998,0.0004775879879166667
316,0.04142175763157895,0.0022509895078947364,0.955600057368421,0.0007271885239473685
317,0.047765035,0.002297088014285714,0.9490891728571429,0.000848704832142857
318,0.025037953625,0.0021284663375,0.97240825125,0.00042533526625
319,0.03279231183050847,0.002188346659322034,0.9644532728813556,0.0005660764184745763
320,0.03754495142105262,0.002229849657894737,0.9595681452631579,0.0006570359915789474
321,0.03855851623333333,0.0022255686099999995,0.9585460836666668,0.000669838306
322,0.0252055835,0.004032466833333333,0.8138010268666668,0.15696092305499998
323,0.0341135845862069,0.0021954496896551723,0.9631014937931035,0.0005894704993103448
324,0.030689014681818182,0.0021591671522727274,0.9666275056818179,0.0005243110354545455
325,0.034480483470588234,0.0021898937588235297,0.9627396311764708,0.0005899933941176472
326,0.03267385997560976,0.0021907825987804892,0.9645698291463408,0.0005655271430487804
327,0.02891873509090909,0.002167166009090909,0.968415919090909,0.0004981799854545454
328,0.032541220281250005,0.0021863825864583326,0.9647113203125,0.0005610801387500001
329,0.0475760825,0.00233654765,0.9492211875000001,0.00086622251
330,0.03150373664150943,0.004418309745283019,0.9253810204226416,0.038696921218679244
331,0.03567874464367815,0.0022049713103448267,0.9614971971264373,0.0006190846820689658
332,0.031015949347826095,0.002435830226086956,0.9659147147826088,0.0006334907647826086
333,0.04303086058333334,0.01163669145,0.16184382850000004,0.7834885935358332
334,0.031851340788118826,0.002182807687128713,0.9654154348514846,0.0005504230512871285
335,0.04514612327659575,0.0022796723021276596,0.9517755353191492,0.000798671699148936
336,0.030127398,0.002173256366666667,0.9671812333333333,0.0005180586133333333
337,0.040941121125,0.0022472384125,0.95609452875,0.0007171350799999999
338,0.034314636333333336,0.0021953482342592593,0.9628977237037035,0.0005922918636111109
339,0.029262106,0.002139833968421053,0.9681068584210525,0.0004912109666666665
340,0.023359177999999998,0.0025412522,0.97355324,0.0005462865000000001
341,0.033917458231578934,0.0021966337936842103,0.9632999950526316,0.0005859129250526317
342,0.03697055673148149,0.002216051932407408,0.9601704408333332,0.0006429563162962962
343,0.03287974936,0.0021896266479999997,0.9643629852,0.000567654186
344,0.029711108759999997,0.002157776824,0.9676279332000002,0.0005031774983999999
345,0.032959747000000005,0.0021912760000000002,0.96427611,0.00057287334
346,0.033094558999999996,0.0021964267125,0.9641339487500001,0.0005750894875
348,0.03293234907647056,0.002253372258235294,0.958722822830588,0.0060914552835882345
349,0.03789264761538461,0.002229568361538462,0.9592159076923077,0.0006619052546153846
350,0.04109674641666667,0.0023392594583333333,0.9557986341666665,0.0007653685491666668
351,0.03781147986206896,0.002984979013793104,0.8937887969793105,0.06541473760482758
352,0.036443996947368426,0.009563606331578947,0.9211622115789474,0.0328301997831579
353,0.03323373375000001,0.0021926411625,0.9639975987500001,0.0005760225350000001
354,0.028132002953488375,0.0021622890674418602,0.9692204918604651,0.0004852188837209302
355,0.043197178689655155,0.002259763636206896,0.9537850122413792,0.0007580521986206893
356,0.0300170326875,0.002181506375,0.967279369375,0.0005220845793749999
357,0.02900720413855421,0.0024424462710843373,0.9454161781012046,0.023134170582168677
358,0.03959932021212121,0.0022324367287878785,0.9574786156060604,0.0006896397324242425
359,0.042042012853658536,0.0022521372,0.9549679490243901,0.0007378988285365852
360,0.03879535882716049,0.002232086541975309,0.958294117654321,0.0006784389328395063
361,0.033194077333333336,0.0023670705301587296,0.9489581865269839,0.015480678751269843
362,0.0351958905273632,0.002203375524378109,0.9619910513930348,0.0006096800318905472
363,0.030756780108433742,0.002170224007228917,0.9665450368674698,0.0005279663763855421
364,0.04163295505555556,0.002559598027777777,0.9289921730888889,0.026815258906666663
365,0.029381064037735844,0.002166297639622642,0.9679469250943393,0.0005057057442452829
366,0.028181203666666668,0.0021629115,0.9691673933333332,0.0004885235800000001
367,0.034475355979591844,0.0022028269061224494,0.9627239008163266,0.0005979189465306125
368,0.04275062452173913,0.00274089844347826,0.9129285891826087,0.04157988896173913
369,0.03312526241379309,0.0023951302931034483,0.9638258486206899,0.0006537369196551724
370,0.03367241184615385,0.002620706115384616,0.9270148931230769,0.03669198831230768
371,0.03166378085714286,0.002170964485714286,0.9656239199999999,0.0005413339685714285
372,0.025805748500000003,0.0021702478500000002,0.97157342,0.00045059062499999995
373,0.030547301381818173,0.0021720832781818187,0.9667549265454547,0.0005257007196363636
374,0.03148603819277109,0.0021805459072289156,0.9657902920481927,0.0005431265599999999
375,0.03374843202941175,0.002191972258823529,0.9634779813235296,0.0005816133889705884
376,0.039283204828125,0.002232489010937499,0.9578004434374998,0.0006838549612500001
378,0.033408366625000005,0.0023632550421875,0.9489801556437499,0.015248220949218757
379,0.02528057137692308,0.002145348107692308,0.9721386504615385,0.0004354238469230769
380,0.04206950208620688,0.0023457656534482765,0.9467535124241381,0.008831213566551721
381,0.0306891495,0.0021807822750000007,0.9665989077777781,0.0005311579388888887
382,0.038877589153846155,0.0022287882769230767,0.9582171830769232,0.0006764524669230769
383,0.037661036294117656,0.002220789447058824,0.9594647535294117,0.0006534046276470588
384,0.033685554658536586,0.002193413548780488,0.9635387131707317,0.0005823142407317074
385,0.036557609624999994,0.0022054978291666666,0.9606066520833334,0.0006302454645833333
386,0.03200161038888889,0.002180205933333333,0.9652683738888889,0.00054983375
387,0.027393111399999996,0.00215806552,0.9699747999999999,0.00047403301800000004
388,0.04748824772222223,0.002292309577777778,0.9493776233333335,0.0008418134183333333
389,0.03879688880188678,0.002545938946226416,0.9314016562603773,0.027255513796886795
390,0.02837968575,0.00238612095,0.968680785,0.0005534054974999999
391,0.02235388689583333,0.0021261815041666667,0.9751332308333333,0.0003867186458333333
392,0.03856525271428572,0.002229041452857143,0.9585325788571428,0.0006731154311428572
393,0.035451660587301585,0.002204761366666666,0.9617308349206346,0.0006127447736507935
394,0.03952430152941177,0.002233943394117647,0.957550208235294,0.0006915397594117649
395,0.029739785860000003,0.002168002022,0.9675832764000002,0.0005089405908
396,0.04356916104132232,0.0022617991057851243,0.9534036795867766,0.0007653669386776861
397,0.04562836276923077,0.0022803864615384617,0.9512852976923079,0.0008059403846153846
398,0.050515484000000006,0.0023140686,0.9462696,0.0009008022999999999
399,0.0306421514,0.002173651,0.966664468,0.000519743094
400,0.03758184864516129,0.002221456558064516,0.959544075483871,0.0006526216903225806
401,0.03810485848148147,0.0022254694518518523,0.9590044812962966,0.0006651813875925928
402,0.028363940083333334,0.005854048866666666,0.6522767495666667,0.31350526556249997
403,0.04386719251239667,0.002268895286776859,0.9530899765289256,0.0007739355078512395
404,0.03352977312857143,0.0022063198442857142,0.9635856284285716,0.0006782812170000001
405,0.03973997545862068,0.002234245940689656,0.9573320347586214,0.0006937444075172411
406,0.030092779468316823,0.002174210559900989,0.9672128755445539,0.0005201305114356432
407,0.032197059,0.0035448208250000003,0.8463329551500001,0.11792516493125
408,0.043703292571428576,0.0022678058285714284,0.9532583657142857,0.0007705428
409,0.049801881384615394,0.0023086765653846154,0.9470024065384615,0.0008870239899999999
410,0.025843221194047614,0.0024587924666666663,0.9600474466809523,0.01165053777761905
411,0.04167340621093751,0.00225319606171875,0.9553415392187496,0.0007318555442187498
412,0.034867690945054944,0.0022005321752747256,0.9623295999999997,0.0006021766273076919
413,0.04186379544444444,0.0022499972999999993,0.9551491594444445,0.0007370549500000001
414,0.034847168866666674,0.0022035543133333336,0.9623451113333333,0.0006041691606666666
415,0.030584346249999995,0.0021743069833333336,0.9667139158333332,0.0005274369025
416,0.036432211121212116,0.0022173519242424246,0.96071613,0.0006343185384848484
417,0.02941092388235294,0.0021674390823529406,0.9679155370588236,0.0005061020335294118
418,0.04484489628571429,0.0060418504,0.6796737874857143,0.26943943809
419,0.030148069927884602,0.002282757143269231,0.9580180513576918,0.009551114709711536
420,0.035985143796875015,0.0022063642250000006,0.9611853675,0.0006231296521875001
421,0.0299885819375,0.002167050775,0.967328578125,0.000515763945
422,0.0483677685909091,0.0022991817295454544,0.948473107045455,0.0008599404706818185
423,0.04370139766666666,0.0022677839777777774,0.953262328888889,0.0007684848788888889
424,0.029265133178947363,0.0021421952347368415,0.9680984002105264,0.0004942703529473686
425,0.037902072,0.0022331853,0.95920277,0.00066198304
426,0.0353231235125,0.002205064675000001,0.9618595455000003,0.0006122625231249999
427,0.04086442338961038,0.002248003625974026,0.9561690150649353,0.0007185485141558442
428,0.037232864526881716,0.0022183107075268815,0.9599020741935483,0.0006467547152688174
429,0.037840784,0.0022171912190476193,0.9592853947619047,0.0006566293666666666
430,0.032229641200000006,0.0021727486,0.965047828,0.000549780926
431,0.036197279607594925,0.002209332386075949,0.9609660089873419,0.0006273809043037976
432,0.03566126292857143,0.0022056067875,0.9615161828571426,0.0006169523242857142
433,0.033179232178571424,0.0021887742928571427,0.9640590453571427,0.0005729704292857143
434,0.0440384923974359,0.0024145391102564093,0.9407291233487177,0.012817842987820507
435,0.0319255695,0.002184854847058824,0.9653379376470589,0.0005516367726470588
436,0.03040176214598539,0.002177827116058395,0.9668936375912413,0.0005267726191240876
437,0.034139341198675476,0.002195076609933775,0.9630767795364233,0.0005887987217218543
438,0.02857189775555555,0.0029027962288888888,0.9054290169688888,0.06309628034888888
439,0.047114721688888875,0.0022886704451851848,0.9497624337037032,0.0008341730952592593
440,0.03286820612857143,0.002194269147619047,0.9643676504761904,0.0005698693423809524
441,0.02732556590604026,0.0023058119583892617,0.9572926917610735,0.013075933996107382
442,0.04985113221383646,0.002337000466666667,0.946433130377358,0.0013787380466666669
443,0.03155147975,0.0025272320499999997,0.9360318319124998,0.0298894432653125
444,0.04150459,0.0022536689777777775,0.9555109388888889,0.0007307877188888888
445,0.031114009583333335,0.002171349529166667,0.9661815416666665,0.00053309386
446,0.032724668,0.0021858576060606056,0.9645258057575757,0.0005636502239393939
447,0.03416409524,0.005748320679999999,0.6589969667840001,0.3010906167504
448,0.04197582813333333,0.00225193986,0.9550340453333334,0.0007381900053333335
449,0.04636896118181817,0.0022860189909090912,0.9505233254545455,0.0008217039154545454
450,0.041178116399999985,0.0022458980542857145,0.9558559909999995,0.0007199961817142859
451,0.02930506525000001,0.0021515014416666665,0.9680466175000001,0.0004968212950000001
452,0.041898237016949155,0.002254160637288135,0.9551112628813561,0.0007363407352542371
453,0.03262014104316547,0.002183281530215826,0.9646357200000002,0.0005608501192805759
454,0.04390280848360655,0.0022702003295081985,0.9530498743442625,0.0007771191486065571
455,0.03606557765384615,0.0034833809653846155,0.8514756759076924,0.10897536727230765
456,0.03527105637748347,0.0022053406715231783,0.9619133428476817,0.0006102567649006621
457,0.03981063351351352,0.004946601224324324,0.9321707155405405,0.023072039696486493
458,0.036211802442622947,0.002215638816393443,0.9609395932786884,0.000632963811147541
459,0.02944906959090909,0.002504268331818181,0.939083177460606,0.028963479940075757
460,0.03294693906944445,0.0021872710750000007,0.9642975291666667,0.0005682528458333334
461,0.044353542,0.002257141876923077,0.9526150023076922,0.0007743165307692307
462,0.04213807489655172,0.0022568769241379317,0.9548638368965515,0.0007411965058620691
463,0.027499355913043474,0.002144962582608695,0.969891897826087,0.00046378148999999996
464,0.040486458111111116,0.002230670222222222,0.9565801388888888,0.0007027316677777778
465,0.026057722200813,0.0021476604365853655,0.971345684390244,0.00044892841910569115
466,0.03448277418750001,0.0049681792812499995,0.725189929675,0.235359129319375
467,0.02854320833333333,0.002165221633333333,0.9687989622222221,0.000492590481111111
468,0.03282499970588235,0.0037558968490196084,0.8704496142352942,0.09296949340490196
469,0.026373899187499997,0.002147856202083333,0.9710272516666665,0.0004510032785416665
470,0.030765674008130083,0.003422269995121952,0.8584120470471548,0.10740000467959349
471,0.038654226266055046,0.002234603104587156,0.9584343795412846,0.0006767975875229355
472,0.033636759825688055,0.0022982722467889912,0.954867292121101,0.009197680962293576
473,0.03884509225,0.002234580171875,0.9582397731249999,0.0006805492221875
474,0.023383076812499997,0.0021252539749999997,0.9740971837499999,0.00039447147875000006
475,0.02853310141085271,0.0023407047100775184,0.9540732469953487,0.015052951600852715
476,0.03197016961764706,0.00217854055,0.9653020611764708,0.0005492328647058822
478,0.03792627302325582,0.002227215599999999,0.959184597906977,0.0006619161153488373
479,0.034522040761904765,0.002198975742857143,0.9626825207142856,0.0005964729592857144
480,0.03919365563855422,0.0022325328710843377,0.9578902920481928,0.0006835268626506026
481,0.0356521619,0.0022132532,0.9615105360000001,0.000624029574
482,0.030589783500000002,0.0021768524,0.966706575,0.000526764355
483,0.03397716714358973,0.0021989868528205126,0.9632340985128205,0.0005897471607179488
484,0.038093233500000004,0.0022241742899999995,0.959020687,0.0006619186275000001
485,0.03513673869387756,0.002211082726530612,0.9620391965306123,0.0006129759871428572
486,0.032650745300000006,0.0066266667199999995,0.58454334448,0.3761792220353334
487,0.03883403850000001,0.002230162473333334,0.9582581893333334,0.0006776161330000001
488,0.035311649470588236,0.002192192794117647,0.9618953252941177,0.0006008265435294119
489,0.03711985704166667,0.002219825945833333,0.96001499625,0.0006453334985416667
490,0.03969624878571428,0.0022317420571428574,0.9573807364285715,0.0006912778899999999
491,0.0343099508255814,0.002201087178488372,0.9628930734302329,0.0005958923751162793
492,0.05234073769696969,0.0023261582060606057,0.9443958160606059,0.0009372998848484849
493,0.027907974723076927,0.0030221281038461537,0.8963511512461538,0.07271874899923075
494,0.029690118230769228,0.002165548176923077,0.967636973846154,0.0005073687384615385
495,0.0434378765,0.00226860003,0.953528146,0.0007653748140000001
496,0.03348549931250001,0.00219033220625,0.9637469087500001,0.0005772584787500001
497,0.02222603,0.0025636542000000003,0.974703995,0.000506406245
498,0.026129651478260865,0.002149292411594203,0.9712711121739132,0.0004499388791304348
499,0.03713363745454546,0.0022092623896103896,0.9600156457142858,0.0006414570035064935
500,0.031133272919999996,0.002187545324,0.9661387956,0.0005403845035999999
501,0.04218826871428571,0.002338715507142857,0.9546904814285713,0.000782496557857143
502,0.03630860917142857,0.0022077251742857146,0.9608554931428573,0.0006281921279999999
503,0.04382753,0.013318091999999998,0.0030467412,0.9398076
504,0.0398024277704918,0.002230624671311474,0.957274538278689,0.0006924138020491803
505,0.028456761525000002,0.0021607412925000002,0.968892776,0.00048971547175
506,0.03766264305263158,0.0023401774578947366,0.959286220789474,0.0007109479163157897
507,0.042098757300000005,0.00225622458,0.9549051030000001,0.0007399250426666666
508,0.044120144071428564,0.002273088864285714,0.9528278757142858,0.0007788744714285713
509,0.033617761194805196,0.0021970478766233773,0.9636024489610392,0.000582751338961039
510,0.034662756120000006,0.002206549088,0.9625273076,0.0006033779540000001
511,0.04347808755555556,0.0022624335111111112,0.9534949844444446,0.0007644843077777777
512,0.026229411520000002,0.002146163788,0.9711735056,0.0004509175184
513,0.037752600625,0.0022194007249999996,0.9593724241666667,0.0006555611250000001
514,0.027710350720000006,0.002157560772,0.969655828,0.0004762580644
515,0.03210634014285714,0.0021910706714285714,0.96514109,0.0005615019671428572
516,0.04058248895000001,0.0022384285450000006,0.9564700434285713,0.0007090422029285713
517,0.04290151392307692,0.002261364253846154,0.9540783023076925,0.0007588141584615384
518,0.0279013055,0.0021362256500000003,0.9694900162499999,0.00047244223875
519,0.031101256944444447,0.002177831511111111,0.9661827227777778,0.0005382053166666667
520,0.026300594999999996,0.002161032895454545,0.971079439090909,0.00045892775909090903
521,0.0346520833372093,0.0022005907476744177,0.9625479368604649,0.000599391326395349
522,0.0316099253,0.00218603555,0.9656563969999998,0.0005476163360000001
523,0.04724904994845362,0.002293409393814432,0.9496187015463916,0.0008388380780412373
524,0.025195646625,0.0021539474777777777,0.9722247219444444,0.0004256874769444445
525,0.02414000597826087,0.0026937856673913043,0.9725685015217391,0.0005977013176086957
526,0.04205028482653062,0.0023689060102040824,0.9452589118489797,0.010321894227551023
527,0.026725217717948713,0.00244164082051282,0.9462961513128206,0.024536984937435894
528,0.040006958222972976,0.00224739569054054,0.9570390281081081,0.0007066143890540542
529,0.036622651857142856,0.0022119011249999996,0.9605304824999997,0.0006349610800000001
530,0.03977240738636363,0.008382760599999999,0.815560069709091,0.13628476225863637
531,0.04354484233333333,0.0022688653333333333,0.9534165,0.0007698120166666667
532,0.024751046248695646,0.002241304728695653,0.9644126452278261,0.008595004558086957
533,0.03236136397058823,0.0021855698852941176,0.9648950864705881,0.0005579822370588236
535,0.02892948288888889,0.0021591725259259256,0.9684156585185185,0.0004956841648148148
536,0.03003199547368421,0.002161593152631579,0.9672941831578948,0.0005122217521052631
537,0.032760381421052635,0.002180504894736842,0.9644972557894738,0.000561868607894737
538,0.03673963873333334,0.00221811108,0.9604029959999999,0.0006392406860000001
539,0.03042788658333333,0.0021720898916666666,0.9668775575,0.0005224491591666666
540,0.03955594720833334,0.0023470349499999997,0.9573546508333334,0.0007423623383333331
541,0.03969017917857143,0.0030327437428571426,0.8895061422285713,0.06777093364357142
542,0.04485835041666667,0.0022749839187499996,0.9520741087499999,0.0007925480266666665
543,0.031068095307692306,0.002526458432307692,0.9369728648061538,0.029432576652307692
544,0.032974581896551725,0.002570977220689655,0.931504103489655,0.03295035270827586
545,0.03554182035000001,0.0023539975199999997,0.9614210605,0.0006831130134999999
546,0.04509718334285713,0.002277944774285714,0.9518279737142858,0.0007969040211428571
547,0.026178893374999998,0.0021478594583333333,0.9712238974999999,0.00044935376125000015
548,0.03150341876470589,0.002181889723529412,0.9657712947058824,0.000543392008235294
549,0.0452632780952381,0.0022782777,0.9516587276190475,0.000799727001904762
550,0.02436451392,0.0021368180519999998,0.9730824856000001,0.00041617614560000003
551,0.030151031620689654,0.0021724615827586205,0.9671558544827586,0.0005206561355172413
552,0.036659133800000014,0.002213962571428571,0.9604916284285712,0.0006352735371428572
553,0.03205523446226414,0.0022991850679245284,0.9562270410490564,0.00941854922471698
554,0.04480532825675674,0.0022728515040540535,0.9521313839189187,0.0007904305940540541
555,0.03181717267567567,0.0021802766702702695,0.9654547943243244,0.0005477526324324325
556,0.045678277294117636,0.0022810495676470585,0.9512317976470589,0.0008088847314705879
557,0.03565536545,0.0022126124350000005,0.9615125385000003,0.000619492387
558,0.04296286289473684,0.0022622554078947366,0.9540187415789475,0.0007561494042105262
559,0.04540876820833332,0.002278617351666667,0.951510493166667,0.0008021227972499999
560,0.04200999368595043,0.0022535724256198355,0.9549978234710745,0.0007386107507438014
561,0.04592681846666668,0.0022831201566666666,0.9509773223333334,0.000812745641
562,0.03455560353763441,0.0022030554150537633,0.9626432167741936,0.0005981167386021507
563,0.03556484969230769,0.002209926307692308,0.9616078838461539,0.0006173372792307693
564,0.014431068518750001,0.0020964777374999997,0.9832123862499997,0.00026007386374999995
565,0.03506393310156249,0.0022046310820312514,0.9621245051562497,0.0006069290704687502
566,0.039934672000000004,0.0022264977,0.9571478999999999,0.0006908753999999999
567,0.031129453265306122,0.002181658246938775,0.9661513497959185,0.0005375505508163267
568,0.044132267928571424,0.0022662920714285714,0.95282487,0.0007765556078571428
569,0.030023224666666664,0.0021661778466666665,0.9672945780000002,0.0005160198446666666
570,0.038463326529411763,0.0022270350470588235,0.9586398623529412,0.000669783824117647
571,0.0317868562,0.0021488823799999997,0.965537956,0.000526280428
572,0.041426193586466195,0.0022481564827067668,0.9556000080451126,0.0007256461306766919
573,0.031590098734374995,0.002181551331250001,0.9656835125000001,0.0005448377214062501
574,0.037741014999999996,0.002218820293333333,0.9593864159999999,0.0006537611113333334
575,0.0452412212,0.0022739108428571422,0.9516873634285714,0.0007975152545714284
576,0.03633493,0.0022112853888888893,0.9608234805555556,0.0006303089949999999
577,0.03235166826086956,0.0021867194869565217,0.9649014213043481,0.0005601925130434783
578,0.033205474374999995,0.0021836533166666662,0.9640410433333333,0.0005698124958333332
579,0.03183371313043478,0.0021800296130434784,0.9654356556521739,0.0005506189686956522
580,0.028070473589743586,0.0021546548846153846,0.969293074871795,0.00048180911179487184
581,0.033550551708333334,0.0021923179766666673,0.9636760485000001,0.0005810771826666665
582,0.030219553717948714,0.0024336891769230766,0.9427645084923076,0.024582244675128206
583,0.03834249220652174,0.00223474722173913,0.9587487360869565,0.0006740304243478262
584,0.039827776908536616,0.0022362056304878054,0.9572394682926826,0.0006965465639024392
585,0.0463435588076923,0.004922549484615384,0.9361695746153846,0.012564330736923078
586,0.029146981600671154,0.002473094956375839,0.9426667543946309,0.02571317415161074
587,0.043073163,0.00226068765,0.95391008,0.000756063005
588,0.03287765047619046,0.002186751385714286,0.9643691364285717,0.0005664587621428571
589,0.04539801041025641,0.0022794170820512826,0.9515201848717948,0.0008023834443589745
590,0.045699192805555545,0.002280278677777778,0.951212225,0.0008083199477777779
591,0.02898377433333333,0.002174787773333333,0.9683413226666665,0.000500092216
592,0.028697802109022556,0.0021638601406015036,0.9686428157142859,0.0004955173779699246
593,0.038055235179487175,0.0022179536923076924,0.9590658843589744,0.0006609208294871796
594,0.0433785848076923,0.002258894103846154,0.9536017903846153,0.0007607260834615383
595,0.03855695095238095,0.0022295252904761904,0.9585417719047621,0.0006717392685714285
596,0.033087542981818166,0.002192479992727273,0.964149374,0.0005705903572727274
597,0.042262517027777766,0.0022553604944444442,0.9547407119444442,0.0007414061094444444
598,0.032304946090909094,0.0027146961863636363,0.9217290368727273,0.043251323990454546
599,0.033260023272727264,0.0021895938545454545,0.963977781818182,0.0005726040181818181
600,0.03698476869,0.003588939424000001,0.9526752932999999,0.006751005415499996
601,0.03194769548387097,0.0025394872548387105,0.9346709510064517,0.030841871295161284
602,0.0373390462972973,0.002208669659459459,0.9598081475675673,0.0006441348867567568
603,0.04164236542553191,0.002252344521276596,0.9553745046808509,0.0007307965331914895
604,0.031314569266666675,0.0036529047600000002,0.8392894468266667,0.12574306648133338
605,0.0436009234,0.0022702785888888887,0.9533589364444445,0.000769857588888889
606,0.03340037056249999,0.0021929586854166658,0.9638298661458332,0.0005768044414583335
607,0.029488631795918357,0.0023948311326530618,0.9484446709428568,0.019671862102040822
608,0.03344649878688525,0.002194538319672131,0.9637789859016391,0.0005799726760655739
609,0.030140805387755102,0.002168666136734694,0.9671726142857142,0.0005179026463265305
610,0.031210573515151524,0.0021724096636363643,0.9660824084848486,0.0005346054633333334
611,0.02831484466483517,0.002282003204395605,0.9585965695736264,0.01080658551362637
612,0.04278504033928572,0.0022623481196428568,0.9541977621428572,0.0007548444337499999
613,0.03192844064864866,0.0021800969945945945,0.9653418551351352,0.0005496051440540539
614,0.02948325718867924,0.0021651217622641514,0.9678455922641512,0.0005060253100000001
615,0.023359177999999998,0.0025412522,0.97355324,0.0005462865000000001
616,0.0378109858125,0.0022232791416666666,0.9593064029166665,0.0006593291501041666
617,0.035817959622222215,0.002205371046666667,0.9613568239999999,0.0006198457260000001
618,0.03255321829032257,0.005027895251612903,0.7195384425677421,0.2428804278609677
619,0.03275289264705882,0.002192963864705883,0.9644867270588235,0.0005674192052941175
620,0.040785749615384614,0.0022591961615384616,0.9562338792307692,0.0007211764684615385
621,0.044100214888888885,0.005905880215873014,0.9452591004761903,0.004734798052063496
622,0.036209870235294116,0.002867701123529412,0.9050542830117647,0.05586814426352941
623,0.032970187044444446,0.0021916152733333335,0.9642678653333334,0.0005703330097777778
624,0.014016247166666667,0.0020793645666666665,0.9836520466666668,0.00025237601499999995
625,0.029500176151515158,0.002170252825757575,0.9678211342424241,0.0005084345477272728
626,0.02861151683606558,0.002158872803278688,0.9687373665573773,0.0004922520172131147
627,0.027033320711111117,0.0026730054999999997,0.9280872276088891,0.04220644946088888
628,0.03512411273333334,0.00218579544,0.962093422,0.0005967021613333333
629,0.03139623761538462,0.002173370992307692,0.96589272,0.0005377004984615384
630,0.03170089087804879,0.0021840555926829265,0.9655678751219514,0.0005471851953658539
631,0.034365609125,0.0035792776625,0.8440798176500001,0.1179753192875
632,0.03583028383720929,0.002243656913953489,0.9612837779069767,0.0006422768639534885
633,0.043377711359999994,0.0022746299810000002,0.9535783050000003,0.0007693489855999999
634,0.03317710926666668,0.002195453813333333,0.9640518337777779,0.0005756002268888888
635,0.042705331475409836,0.00225935168852459,0.9542837701639343,0.0007515401196721312
636,0.03140524214705882,0.0025055708735294115,0.9379285697411762,0.028160630968823524
637,0.031178082403846157,0.002174584217307692,0.966111144615385,0.000536189725
638,0.027291076555555557,0.002155542811111111,0.9700828944444443,0.0004704661644444445
639,0.04631374947222222,0.002285406947222222,0.9505804225000004,0.000820424083888889
640,0.033098210937500004,0.0021942596468750002,0.9641348575,0.0005726663112499999
642,0.04522853246774192,0.0022794656516129034,0.9516921122580646,0.0007998822467741934
643,0.03881603796116506,0.0022306329757281547,0.9582762892233011,0.000677043208737864
644,0.0281803218,0.00214516955,0.96920553,0.000469013079
645,0.0391351548,0.029668947600000002,0.8083744599999999,0.12282147354799999
646,0.03942299007142857,0.0022315527214285713,0.9576588628571429,0.0006865808428571429
647,0.0345336033359375,0.0024629199992187486,0.9403930396375003,0.022610436132734373
648,0.03221859680769231,0.0022171127942307695,0.9650003264423077,0.0005639648454807693
649,0.028628707049450555,0.002167009961538462,0.9687095515384613,0.0004947304254945053
650,0.038336177156250005,0.0022194493,0.9587792196875002,0.0006651588743749999
651,0.04301684013513514,0.002258819864864865,0.9539689891891894,0.0007553538113513513
652,0.030710856071428577,0.002180123964285714,0.9665786032142858,0.0005304062421428572
653,0.029678239,0.0021842238,0.9676193999999999,0.0005181158
654,0.03438653582857143,0.0021993533485714285,0.9628184577142856,0.0005956390634285716
655,0.033677781161290325,0.0032577845290322582,0.8716174868903226,0.09144693303774191
656,0.03585289011111111,0.0022093107722222223,0.9613160626666665,0.0006217354548888885
657,0.04586328894339623,0.0022841325056603768,0.9510408986792455,0.0008116787613207547
658,0.03153928585416666,0.0021817441208333336,0.9657347606249999,0.00054420058625
659,0.04027744094520548,0.002239891,0.9567782675342463,0.000704399314657534
660,0.03209302496987952,0.0021880837108433746,0.9651628433734938,0.0005560380444578315
661,0.041088956249999996,0.0022631429732142857,0.9559206400000002,0.0007272637082142857
662,0.029303936810126576,0.0030091180189873432,0.8958608519898734,0.071826083216962
663,0.04100605685416667,0.0022614746645833335,0.9560091499999999,0.0007233218050000001
664,0.034196276928571426,0.0022061989,0.9629993528571428,0.0005981612164285716
665,0.029320828589743584,0.0021659888999999996,0.9680063533333336,0.0005068394756410257
666,0.03414182678947368,0.002196329405263158,0.9630716821052632,0.0005901614157894737
668,0.039386504999999995,0.0022243230933333335,0.9577065220000001,0.0006826497179999999
669,0.037284837620689654,0.005552952686206898,0.9515418651724139,0.005620349992068967
670,0.04133718551282052,0.002248305782051282,0.9556903676923079,0.0007241429394871797
671,0.03384930591111111,0.0024521255511111106,0.9422407555822221,0.02145780813933334
672,0.029886430430769228,0.002679585367692308,0.9235791169784617,0.04385488503169231
673,0.032761671394736847,0.002185788138596491,0.9644872083333332,0.0005653399708771929
674,0.03010918731818182,0.0021754615454545453,0.967196205909091,0.0005191426618181819
675,0.032542046666666664,0.002178742866666667,0.9647388,0.0005403997433333334
676,0.04749739318987343,0.0022936932620253167,0.9493658549367086,0.0008430672449367087
677,0.03099255479069768,0.002173852555813954,0.9663006776744186,0.0005329281655813953
678,0.043844333846153855,0.002264969269230769,0.9531204046153847,0.0007702993384615385
679,0.041415628999999995,0.0022458573285714287,0.9556137871428572,0.0007247300357142857
680,0.030650855900000024,0.0021739837740000004,0.9666480404000002,0.0005271236049499998
681,0.02884488108333333,0.0021645944249999998,0.9684956891666667,0.0004948511533333333
682,0.0397867127012987,0.0022363040168831175,0.9572826057142856,0.0006943818211688313
683,0.045008445965753444,0.0022753602821917805,0.9519211384931509,0.0007950559681506851
685,0.036417247,0.00222164275,0.9607271749999999,0.0006339247750000001
686,0.03533645372093023,0.0022069724372093024,0.9618422079069767,0.0006143552646511629
687,0.040394177060606065,0.002240525857575758,0.9566585243434346,0.0007067770128282827
688,0.03406944026530612,0.0022041490102040822,0.9631345632653062,0.0005918323269387753
689,0.03741433653750001,0.0022193177599999984,0.9597166836875,0.0006496705129375002
690,0.0344470335952381,0.00220022595952381,0.9627574557142857,0.0005952974471428572
691,0.035533471835616434,0.002207596527397261,0.9616411916438354,0.0006177414631506851
692,0.02730378175,0.00215135124375,0.9700749493749998,0.00046991374375
693,0.04140816722222222,0.005299159239999999,0.9389950011111111,0.014297678082666668
694,0.029676572784172645,0.002169298687769784,0.9676430254676263,0.000511105295323741
695,0.03689846233333333,0.002232977216666667,0.9602221933333334,0.000646348865
696,0.033430095375,0.0021935158062500004,0.9637986728125001,0.0005777171662499999
697,0.03633860038805971,0.002209912991044776,0.9608217677611939,0.0006297285429850748
698,0.03333129875,0.002183791133333333,0.9639125341666667,0.0005723909891666667
699,0.033185741731617646,0.0022760482051470583,0.9570585609647059,0.007479653968308825
700,0.031383494295081964,0.0023604048885245907,0.950319955757377,0.015936145295573773
701,0.03363973873529411,0.0021926506000000006,0.9635864035294117,0.0005812121502941175
702,0.03126017547058823,0.002171998517647059,0.9660319652941178,0.0005358593905882352
703,0.031593240758333335,0.0021838529499999993,0.9656769511666669,0.0005459451960833333
704,0.04472494261878452,0.0022733558414364647,0.9522117323756909,0.0007899690939779014
705,0.029514382375,0.0021655180499999998,0.9678167206250001,0.0005033893462499999
706,0.0341050146,0.00219610282,0.963110808,0.000588105302
707,0.0461066865,0.0022745254333333335,0.95080749,0.0008113079916666667
708,0.03730924545945946,0.0022189651135135135,0.9598225518918921,0.0006492391035135134
709,0.04488612021052631,0.009481519947368422,0.9127045973684209,0.03292778160368421
710,0.02878477533333333,0.002128906,0.968620875,0.0004654487766666666
711,0.026090876333333332,0.0021051701,0.9713943766666667,0.0004095788466666667
712,0.03114091477894737,0.0021742909600000002,0.9661493711578949,0.0005354179665263157
713,0.0451985488474576,0.002276356205084746,0.9517275718644068,0.0007975287849152541
714,0.044838997310344825,0.0022794824862068966,0.9520872089655171,0.0007942949751724136
716,0.043733668884615384,0.002271976253846154,0.9532221138461539,0.0007722393750000002
717,0.04555988838461538,0.0022736724096153846,0.9513638996153848,0.0008025395142307694
718,0.032948129849999994,0.00384979369,0.8217758461799999,0.1414262064105
720,0.036171891857142854,0.0023323026523809527,0.9608166504761906,0.0006791597109523811
721,0.04334447678378377,0.0022593219432432434,0.9536353956756758,0.0007608012900000001
722,0.0377658261147541,0.0022220850868852468,0.9593548588524592,0.0006572244298360658
723,0.04413988411764706,0.002274642352941176,0.9528033705882353,0.0007820961929411764
724,0.03577414790909092,0.00220580550909091,0.9614017902272726,0.0006182590335227274
725,0.02883771657142857,0.0024184301238095235,0.9681469947619048,0.0005968592904761904
726,0.02832539872222222,0.003529548566666667,0.863281797911111,0.10486325485666666
727,0.027781759914634146,0.002475682968292683,0.9691560390243902,0.0005865264514634147
728,0.035470389604651154,0.0022081458093023264,0.961706820232558,0.0006146499739534884
729,0.0362842007951807,0.0022093884542168677,0.9608765795180723,0.0006298311056626505
730,0.035481223479166664,0.0022054285375000004,0.961699357708333,0.0006139877165625001
731,0.031100940933333338,0.0023620761733333336,0.9503495360200002,0.016187445519166666
732,0.03643843107142857,0.002218292485714286,0.960710035,0.0006332296971428571
733,0.04672875536170213,0.002288872206382978,0.9501541182978723,0.0008282635644680848
734,0.045398983030612246,0.0022734981448979605,0.9515274774489796,0.0008000362136734696
735,0.033009962696969694,0.002523867063636363,0.9354402070060607,0.029025961383030305
736,0.04521197585714286,0.002275611819047619,0.951714579047619,0.0007978531319047619
737,0.0398779161875,0.00233259045,0.9570468268750001,0.000742668833125
738,0.041817231499999996,0.0023571920833333334,0.9550461158333334,0.0007794789591666667
739,0.046719446600000006,0.00256140752,0.949337362,0.001381765611
740,0.030617852601796405,0.0021817532544910166,0.9666699019161681,0.000530493510239521
741,0.037054517031250005,0.0024659696250000003,0.9306516947249998,0.029827813190937497
742,0.03469000609523809,0.0027116313285714282,0.9172912814857144,0.045307086247142844
743,0.04556721405128207,0.002279739879487179,0.9513477748717949,0.0008052646541025643
744,0.030297221453125,0.0021755806687500006,0.9670017712499998,0.0005254161456249999
745,0.028496523468750003,0.0028646013718750005,0.9094552347625002,0.05918364321031249
746,0.019459272545454542,0.002116974272727273,0.9780828418181818,0.0003409080645454546
747,0.040054478438356175,0.0022382574931506852,0.9570069412328768,0.0007003177504109592
748,0.03161385526470589,0.002178147226470588,0.9656649626470589,0.0005430393147058824
749,0.027272904239130424,0.003562756847826087,0.8869117522782608,0.08225257990434785
750,0.03739513354545455,0.0022181163,0.9597377013636365,0.0006490535777272727
751,0.04016396533644857,0.0022399720859813087,0.9568931185046728,0.0007029486458878506
752,0.02953726127777778,0.002175579817592593,0.967777108888889,0.0005100496565740739
753,0.03169068305555556,0.002188537372222222,0.9655721211111111,0.0005486653655555556
754,0.037066561045454555,0.002218829612121212,0.9600699806060604,0.0006446235772727275
755,0.0348912877755102,0.002203032040816326,0.9623021497959183,0.0006035348832653064
756,0.031213682733333338,0.0021632746200000003,0.9660930853333334,0.0005299639446666667
757,0.0349585891,0.0022279367199999995,0.962197224,0.000616219578
758,0.04113066407692308,0.0022474440730769233,0.9559014692307694,0.0007204107742307692
759,0.043694282499999994,0.0022680350611111104,0.9532671555555557,0.0007705294388888888
760,0.04096200482978722,0.0022569134702127664,0.9560563425531916,0.000724730279574468
761,0.03597298257142857,0.002210001885714286,0.9611935642857141,0.0006234416523809525
762,0.03442501375,0.00218499583125,0.9628007968749999,0.0005891954512500002
763,0.04425027332,0.002271431936,0.9526970460000002,0.0007812488716000001
764,0.046535266,0.0022862364900000003,0.9503543779999999,0.0008241318480000001
765,0.03389577972413794,0.0021964835931034487,0.9633172782758621,0.0005904593213793102
766,0.04570492217241379,0.002283890351724138,0.9512005967241383,0.000810588977413793
767,0.046590371652542366,0.0022848211983050853,0.9503014144067797,0.0008233925947457623
768,0.03707044965217392,0.002213426007246378,0.9600736288405795,0.0006424976265217392
769,0.03334246818681318,0.002318085213186814,0.9534416606725274,0.01089778963230769
770,0.035495646037037025,0.0022042922666666667,0.9616858625925928,0.0006141995492592591
772,0.028070857999999994,0.002157997236842105,0.9692893931578948,0.0004817691847368421
773,0.03266287618999999,0.002189190971,0.9645831314999995,0.0005647923797000001
774,0.0334379393125,0.0028846440187500003,0.9044068932,0.059270530445625004
775,0.044562675235294114,0.002272010241176471,0.9523805200000001,0.0007847950870588234
776,0.045403034464285716,0.0022796835571428573,0.9515153492857144,0.0008019479635714285
777,0.030484886785714285,0.0021494119214285714,0.9668693764285713,0.0004963474121428572
778,0.031148966066666662,0.002174721333333333,0.9661415946666667,0.0005347064426666666
779,0.041878088444444454,0.002249522409523809,0.9551376512698413,0.0007347317298412695
780,0.03794303052380952,0.0022370153809523805,0.9591514728571428,0.0006684920423809524
781,0.02383951615887851,0.002342269875700935,0.9558546203962616,0.017963590022990656
782,0.04134767227835052,0.002247505755154639,0.9556800553092785,0.0007247684744845364
783,0.03506075375000001,0.0021837170999999996,0.9621603691666666,0.000595147935
784,0.02990060785714286,0.002171831514285714,0.9674115442857142,0.0005159997042857142
785,0.03324924014583333,0.0021874896458333334,0.963990285625,0.0005729866647916666
786,0.03172072038461538,0.002184540576923077,0.9655458553846153,0.0005488990396153846
787,0.05150932700000001,0.00231817095,0.945253235,0.0009193097999999999
788,0.04958743773913045,0.0023068626913043478,0.9472231539130435,0.0008825759804347828
789,0.03686980731818181,0.0021993983636363636,0.9602976227272729,0.0006331598068181818
790,0.03719326222222222,0.0034450677000000002,0.8543780890222222,0.1049835578788889
791,0.032392655155555554,0.0021797057422222226,0.9648721933333333,0.0005554505171111111
792,0.02822472166666667,0.002173695116666667,0.9691105583333334,0.0004910267766666667
793,0.034838768803030294,0.002204807166666667,0.9623516468181817,0.0006047753239393941
794,0.03284140233333333,0.0026065829592592593,0.9292034885629632,0.035348519516296306
795,0.0412685515,0.0022668957375,0.9557315412499999,0.0007330108025
796,0.035591717152173914,0.002203901134782608,0.9615892489130438,0.0006151255323913043
797,0.03691284095121951,0.0022179311829268297,0.9602272146341462,0.0006420101719512194
798,0.02950921046875,0.0021634477749999997,0.9678243240625001,0.000503022389375
799,0.03733327116129032,0.0022114100548387096,0.9598096638709678,0.0006456667322580647
800,0.03647396728571429,0.0022043006142857145,0.9606935,0.0006282259271428571
801,0.027090136954545454,0.0031576332999999996,0.8839259673818183,0.08582625110818182
802,0.03649865337499998,0.010792171050000002,0.24760801933750026,0.7051011395028128
803,0.03536620546842106,0.0022042232368421045,0.9618181530000002,0.0006114189665789474
804,0.030998151400000003,0.0021743246399999992,0.966293724285714,0.0005337888422857141
805,0.037777535499999994,0.0022192677100000002,0.959346024,0.000657170059
806,0.04118594134285713,0.002352827103809525,0.9467941954399999,0.009667039425523811
807,0.04144020845000001,0.002246664034999999,0.9555876868333332,0.0007254415204999998
808,0.04013738799082568,0.002236561766972477,0.9569253289908256,0.0007007242074311928
809,0.03410456800000001,0.002206530728571429,0.9630966464285713,0.0005922537021428571
810,0.039741832,0.0022362576900000005,0.957328293,0.0006936135549999999
811,0.03324738284615384,0.0030456831128205133,0.8908925285538464,0.07281439799410257
812,0.03780831138028169,0.002215077287323943,0.9593226560563382,0.0006539515450704227
813,0.03687150313888889,0.002216299733333333,0.9602717761111111,0.0006404108416666667
814,0.032702127357142854,0.0021816021,0.9645593921428572,0.0005568918628571429
815,0.042436934169230764,0.002259335813076924,0.9545568379999997,0.0007468957972307694
816,0.03340966240579711,0.002216748215942029,0.9637869555072462,0.0005866359049275364
817,0.0326640386875,0.0021895361625000006,0.96458097625,0.0005654416824999998
818,0.03726453833333334,0.009605801666666667,0.32644810413333336,0.6266815241066667
819,0.03983452114285714,0.0022327959285714286,0.95723944,0.0006932478071428571
820,0.027906682999999998,0.0021598818699999998,0.969454181,0.0004792526279999999
821,0.037341256187500005,0.0022194078999999995,0.9597900899999999,0.000649239409375
822,0.039340235188,0.002239310580800001,0.9577288079999997,0.00069163986432
823,0.0326689783,0.0021796764200000002,0.964590712,0.0005606035290000001
824,0.032018117636363634,0.0021594463272727273,0.9652795381818183,0.0005429062027272727
825,0.04415063503448275,0.0022682687620689647,0.9528026725862069,0.0007784208613793103
826,0.038405201,0.002216432,0.9587150666666666,0.00066329018
827,0.04589431421428571,0.0022825206785714288,0.9510101571428571,0.0008129813378571429
828,0.042784100562499996,0.00225743388125,0.954207595,0.000750883296875
829,0.027548600476190475,0.0021590963523809526,0.9698155828571428,0.0004767060247619048
830,0.04112943349999999,0.002254094575,0.95589430625,0.000722125955
831,0.045076440294117635,0.0022794900470588238,0.9518466849019609,0.0007973868745098042
832,0.030478343192307696,0.0026027908769230765,0.9302747031230768,0.036644160985
833,0.0349261436554622,0.0022060654697478995,0.9622618318487396,0.0006059594894117646
834,0.034859303777777774,0.0021866494888888887,0.9623606711111111,0.0005933521000000001
835,0.04215570545714286,0.0022587805914285716,0.9548424580714283,0.0007430588809999998
836,0.043972430300000004,0.00227129451,0.9529804050000001,0.000775853886
837,0.032321812812499996,0.00218744626875,0.9649333300000004,0.0005574205337499998
838,0.02582082021382979,0.004785225917021278,0.8625525148085109,0.10684143362180856
839,0.04046171389999998,0.0022391224283333333,0.9565928253333332,0.000706349059666667
840,0.04451462227941176,0.0022739791647058832,0.952424604264706,0.0007867929089705884
841,0.037728401197674406,0.0022153530965116283,0.9594029924418603,0.0006532576390697675
842,0.03287960257377049,0.002273337004098359,0.9565894741081967,0.00825759468942623
843,0.04320275961904761,0.002262948919047619,0.9537735215476189,0.0007607690396428569
844,0.03521352710204082,0.002206744412925171,0.9619670680272107,0.000612662062517007
845,0.032367418909090916,0.0021905830090909093,0.9648821163636363,0.0005598719345454545
846,0.0322344525652174,0.0021846004130434784,0.9650245665217391,0.0005563871639130435
847,0.028601224340782116,0.0024092509603351954,0.9475135947195531,0.02147593466631285
848,0.033401725969230765,0.0021903579430769234,0.9638311527692307,0.0005767755929230768
849,0.03561498190277778,0.0026692810861111116,0.9219684522722227,0.03974728417944445
850,0.045291151181818194,0.0022749577454545455,0.9516351627272726,0.0007987174806818185
851,0.02714494846153846,0.0021579048230769234,0.9702297415384616,0.0004673821076923076
852,0.035558836184210525,0.0022118794842105258,0.9616081631578949,0.0006211145418421052
853,0.041620111724137904,0.010634776896551727,0.23464280884137959,0.7131022757182762
854,0.04248516373856212,0.002251005300653594,0.9545200532679743,0.000743778449803922
855,0.03192051864285713,0.002171313914285714,0.9653604750000001,0.0005476987807142858
856,0.038219830999999996,0.0022282889642857144,0.9588864528571429,0.0006654196935714285
857,0.03293298443548386,0.002901028661290323,0.9030157463677422,0.06115024447822579
858,0.04013081011428572,0.0022417259200000006,0.9569238678571428,0.0007035940959999999
859,0.030307489336879427,0.002326215934751773,0.9535258988113474,0.013840393039716311
860,0.025516394280000004,0.0021711848675,0.9718605594999999,0.0004518669232499999
861,0.03181930415,0.0024535292675000007,0.9417076262799998,0.02401953784125
862,0.039672338571428566,0.0038178923571428568,0.8216668544571428,0.13484291744857144
863,0.03410735435714286,0.002587283882142857,0.9291790411142856,0.034126321240357145
864,0.03391721335294117,0.002196135254901961,0.963299102352941,0.0005875501196078431
865,0.04085806540909091,0.0022594189000000003,0.956161580909091,0.0007209356804545454
866,0.026080741411764707,0.0021359116882352946,0.9713421611764704,0.00044118805470588237
867,0.030539134046511627,0.0024395537395348844,0.9446566235162792,0.022364699499302323
868,0.038193445785714285,0.0022279666285714285,0.9589128378571429,0.0006657683814285714
869,0.03769626026923077,0.002225255657692308,0.9594204038461537,0.0006580738092307693
870,0.034637089891891897,0.0022036936243243245,0.9625563254054055,0.0006028868443243243
871,0.021335140000000002,0.00212018903,0.9761754970000001,0.00036918031
872,0.041643326142857144,0.0022490264666666666,0.9553792333333333,0.0007284115604761904
873,0.04238478255,0.0022524934450000003,0.9546170660000002,0.0007456678485000001
874,0.040153183747899154,0.002241227376470589,0.9569003563865546,0.0007052325163865549
875,0.031383877514285716,0.002181939531428571,0.9658915982857145,0.0005425860737142856
876,0.03657415225925925,0.0023170901333333335,0.9604318711111113,0.0006768883568518516
877,0.030672629115000006,0.015283786350000005,0.8002005536800001,0.15384302740349998
878,0.03690389614285714,0.0022147190714285714,0.960241567142857,0.0006398456757142857
879,0.03502389214912281,0.002203517752192983,0.9621670710087725,0.0006055167390789473
880,0.03722049890909091,0.002219707359090909,0.9599077827272726,0.0006520041222727272
881,0.028495826928571423,0.0030013734857142855,0.9009031115142859,0.06759968590571429
882,0.036191555666666674,0.0022095787333333335,0.9609707316666666,0.000628141805
883,0.02937241104545454,0.0021689748848484837,0.967953286666667,0.0005053230883333336
884,0.03214641851612904,0.0021804779193548393,0.9651188806451613,0.0005542214864516129
885,0.03323284880434783,0.005565404913043479,0.6748286829739131,0.2863730641086956
886,0.045198520198412695,0.00227870203015873,0.9517235644444443,0.0007992071816666666
887,0.03561616784782608,0.002686080513043478,0.9202518330956522,0.041445905506956524
888,0.027731698399999997,0.00216762116,0.9696179306666667,0.0004827517959999999
889,0.02996352166666667,0.002160755833333333,0.9673688800000002,0.0005068495133333333
890,0.036295048999999996,0.0022102278199999997,0.9608626959999998,0.0006320625960000001
891,0.0291362228,0.0021661216000000002,0.9681944940000001,0.0005031664140000001
892,0.037235206444444446,0.0022087629444444445,0.9599143355555556,0.00064169065
893,0.03446427942276423,0.0021987926016260174,0.962741932520325,0.0005949918580487806
894,0.03580496088888888,0.0022015877166666666,0.9613762216666668,0.0006172512866666666
895,0.0395185872975207,0.0022329981123966947,0.9575584726446279,0.0006899395657851238
896,0.03317558485492229,0.002189269255440415,0.9640635697927467,0.0005715715236269432
897,0.04456455746153847,0.007607999904615384,0.9008562817476923,0.046971146331538434
898,0.0318237849117647,0.0028374047676470587,0.9095501233058827,0.055788682831470586
899,0.03243825882222223,0.002180288593333333,0.9648241091111113,0.0005573346462222223
900,0.02808144727272727,0.002163967309090909,0.969269640909091,0.00048495724272727274
901,0.0272018604375,0.0021280849281249997,0.9702121718750002,0.00045788370375
902,0.032213428464285716,0.00302487435,0.8970838247285712,0.06767784799214285
903,0.033310671312500005,0.0021883943375000004,0.9639265477083337,0.0005743741908333333
904,0.03903163119047619,0.0022289212238095235,0.95805831,0.000681139270952381
905,0.0263499196,0.00215563562,0.9710384399999998,0.000456011892
906,0.032612887,0.0084956687,0.48808927060000007,0.47080216864999996
907,0.044534280677966095,0.0022751272593220335,0.9524037506779659,0.0007868414450847457
908,0.040843815558139526,0.002241257360465117,0.956201734651163,0.0007131866181395349
909,0.040755571625,0.0022417433,0.9562911425,0.0007115776125000001
910,0.04494816431746032,0.0022757431380952377,0.9519818684126986,0.000794234003015873
911,0.041302590999999986,0.0022449461166666666,0.9557299586666667,0.000722501751
912,0.04691384233333333,0.00228871012,0.9499662706666665,0.0008311869344999997
913,0.04519213904123712,0.0022751542536082465,0.9517355043298971,0.0007972085883505153
914,0.03395518987179487,0.002207576515384616,0.9632447256410256,0.0005924962005128205
915,0.0317641798,0.00224690524,0.965411388,0.0005775176
916,0.029816508068493147,0.00231929715479452,0.9544874861808219,0.013376711228630139
917,0.040057262249999996,0.0022412191142857146,0.9570002428571429,0.0007012767892857142
918,0.025006099875,0.0024209651075000004,0.94866567528,0.023907250336
919,0.027846862985714278,0.002789677414285714,0.9152236963542856,0.05413975580828571
920,0.04226657039215686,0.0025101339411764713,0.95091707,0.0043062254425490195
921,0.030022921892473107,0.002173017993548388,0.9672852674193545,0.0005187925979569893
922,0.03322338325,0.002184192525,0.964021205,0.0005712039537499999
923,0.02854654617241379,0.0021707886344827588,0.9687893834482758,0.0004932705062068965
924,0.03232302611309524,0.0021920351607142862,0.9649239095238097,0.0005610246813095237
925,0.03461411555555557,0.002199734413333333,0.9625866991111105,0.0005994391502222223
926,0.0367109895,0.002211381198076923,0.9604416975000002,0.0006359300898076924
927,0.0319527619090909,0.0021770518318181826,0.9653235556818175,0.0005466148977272727
928,0.034608754,0.0022091579999999997,0.96258067,0.00060147152
929,0.0414581714,0.00335807463,0.8605495771199999,0.094634158254
930,0.03528656341935484,0.002214812148387097,0.961881314408602,0.0006173079015053763
931,0.032633510219999995,0.0021903807319999997,0.9646118866000002,0.0005642321170000001
932,0.032531929235294126,0.0021897046117647055,0.9647158576470588,0.0005625095476470587
933,0.030879693025641027,0.0024645274512820506,0.9420441946461537,0.02461157832641026
934,0.03442217426470589,0.002178927579411765,0.9628144111764705,0.0005844882035294119
935,0.03171199213157895,0.0021847223500000004,0.9655542784210528,0.0005490085273684211
936,0.030270657,0.002156169856521739,0.9670591195652175,0.0005140588182608694
937,0.04070600577272727,0.0022419931090909093,0.9563400340909092,0.0007119929818181817
938,0.027722248317073168,0.002155813607317073,0.9696464012195124,0.00047553730292682934
939,0.0283227268,0.0024059084966666666,0.9686942020000001,0.0005771468763333333
940,0.044455746631578946,0.0022720094184210523,0.95248715,0.0007850937126315789
941,0.04416490851351349,0.0022723546567567574,0.9527826694594598,0.0007800687012162164
942,0.04170187766666667,0.0022452846320000007,0.9553240377333335,0.0007287943476000001
943,0.028121540574074073,0.00236650705,0.9516365409481481,0.017875401939814815
944,0.04500688691999999,0.0022711785560000004,0.9519296087999998,0.0007923308895999999
945,0.03698567995833334,0.002209826870833333,0.9601651825,0.0006393144133333333
946,0.03412219394202898,0.0021982799130434785,0.9630885860869567,0.0005909291182608697
947,0.035457617625,0.0022143890125,0.96170907875,0.00061892103
948,0.02879400997297297,0.002464461997297298,0.9428764051675674,0.025865113422702708
949,0.03608484617948717,0.002212265376923077,0.9610758246153848,0.0006270845453846154
950,0.035738513025641024,0.0022076099000000004,0.9614339874358974,0.0006198951530769231
951,0.04004790842857143,0.006981756671428572,0.5498209905142858,0.4031493318857143
952,0.04557065585714286,0.0022872449571428566,0.9513333828571428,0.00080871533
953,0.034015057327868845,0.0021971998868852457,0.9631993998360652,0.0005883456540983609
954,0.0372196778095238,0.002218675952380952,0.9599158714285714,0.0006457775747619047
955,0.033410898616915416,0.002189977529850745,0.9638235111442787,0.0005756132132338307
956,0.03805310089473684,0.01039006717894737,0.2589656866736842,0.692591110106842
957,0.03690126589655173,0.002209972972413793,0.9602519682758618,0.000636795135172414
958,0.03632058805882352,0.002222102811764705,0.9608217641176471,0.0006355417088235295
959,0.04431450277777778,0.002274655272222222,0.952627012777778,0.0007838299883333334
960,0.03367093657142857,0.005356842042857143,0.6920905132,0.26888168224285713
961,0.0230005385,0.0021212834999999996,0.97448401,0.00039414309249999997
962,0.036335242893333335,0.002210909284,0.9608248573333333,0.0006289898166666665
963,0.04382753,0.013318092,0.0030467412,0.9398076
964,0.044659736825000004,0.0022731913775000004,0.9522785779999999,0.0007884838838750002
965,0.04375754156122449,0.0022705936040816324,0.9531975226530613,0.0007743366173469388
966,0.0378037695,0.0022174346999999997,0.9593248000000001,0.00065402007
967,0.0417226055,0.002331447875,0.9551735149999999,0.00077242759
968,0.03353970213375796,0.0021951222273885345,0.9636845141401279,0.0005806649941401271
969,0.03032006954838709,0.00217188460967742,0.966985734516129,0.0005223156000000001
970,0.030132769453124996,0.0021751507109375,0.96717269609375,0.00051938287484375
971,0.04494937917073169,0.0022765519146341466,0.9519799012195121,0.000794164920487805
972,0.03822515659292036,0.003432898459292035,0.9522741869911505,0.006067769828672566
973,0.0341692089,0.00219992119,0.9630390969999999,0.000591782224
974,0.035481162434210525,0.0023539989486842097,0.9491913711999999,0.012973464608947367
975,0.044697534937500005,0.00227474805,0.952239195,0.0007885494212500001
976,0.03902808084615384,0.0022237168461538464,0.958071816923077,0.0006764153969230769
977,0.03809170123999999,0.0022264767840000006,0.9590176911999998,0.0006641281449
978,0.043762611526315796,0.0022582152771929826,0.9532175771929823,0.0007616070931578948
979,0.03673532719371729,0.002215551554973822,0.960411401099477,0.0006377206316230368
980,0.04406450194557823,0.0022713907768707495,0.9528860927891154,0.000778019593265306
981,0.030383729,0.0021689961190476193,0.9669267209523811,0.0005205643480952381
982,0.04381096749999999,0.0022654446631578955,0.9531521910526316,0.0007713854955263159
983,0.04870352369230768,0.002304943321794872,0.9481241866666666,0.0008673467400000005
984,0.0455331710390625,0.0022810262882812507,0.9513801049218752,0.0008056973625000005
985,0.04285204417741937,0.0022581858064516123,0.9541371204838713,0.000752645978548387
986,0.035754344581818184,0.002210269101818182,0.9614140163636364,0.0006213695927272728
987,0.03312318064814817,0.0021932524462962974,0.9641111480246909,0.0005724237485802469
988,0.034843859,0.00219967625,0.962353975,0.0006024529666666667
989,0.029365802222222227,0.0021578107074074074,0.9679756,0.0005007802092592594
990,0.044154005453125,0.0022669739765625004,0.9528015614062498,0.00077745242296875
991,0.04311794921428571,0.0022622468928571427,0.95386069,0.0007591143085714287
992,0.045509180191919206,0.0022758796787878794,0.9514115492929293,0.0008033928471717173
993,0.03941417220000001,0.002608265083333333,0.92598363704,0.03199391451966666
994,0.03683681577777779,0.0022221706399999995,0.9602962960000001,0.0006447249899999998
995,0.033008563928571426,0.0021909461178571425,0.9642293064285713,0.0005711948042857141
996,0.03965069285714286,0.002233241657142857,0.9574243407142858,0.000691727695
997,0.045914488753246774,0.002282309348051948,0.9509914502597402,0.0008117469515584418
998,0.03321738720588235,0.002189867049019609,0.964019996960784,0.0005727481498039215
999,0.030014102444444444,0.0021716992500000003,0.9672984288888892,0.0005157652933333334
